<?xml version="1.0" encoding="UTF-8"?>
<project-private xmlns="http://www.netbeans.org/ns/project-private/1">
    <editor-bookmarks xmlns="http://www.netbeans.org/ns/editor-bookmarks/2" lastBookmarkId="0"/>
    <open-files xmlns="http://www.netbeans.org/ns/projectui-open-files/2">
        <group>
            <file>file:/C:/Users/QI/Documents/NetBeansProjects/Projeto%20Teste%20Noite/web/index.html</file>
            <file>file:/C:/Users/QI/Documents/NetBeansProjects/Projeto%20Teste%20Noite/web/formulario.jsp</file>
            <file>file:/C:/Users/QI/Documents/NetBeansProjects/Projeto%20Teste%20Noite/web/css/form.css</file>
            <file>file:/C:/Users/QI/Documents/NetBeansProjects/Projeto%20Teste%20Noite/web/css/style.css</file>
            <file>file:/C:/Users/QI/Documents/NetBeansProjects/Projeto%20Teste%20Noite/web/usuario.jsp</file>
        </group>
    </open-files>
</project-private>
